{"count":1,"self":174.4989952,"total":475.16592679999997,"children":{"InitializeActuators":{"count":1,"self":0.0020028999999999997,"total":0.0020028999999999997,"children":null},"InitializeSensors":{"count":1,"self":0.0029996999999999997,"total":0.0029996999999999997,"children":null},"AgentSendState":{"count":116851,"self":47.6010048,"total":50.4811663,"children":{"CollectObservations":{"count":23371,"self":0.1170875,"total":0.1170875,"children":null},"WriteActionMask":{"count":23371,"self":0.030003099999999998,"total":0.030003099999999998,"children":null},"RequestDecision":{"count":23371,"self":0.21502249999999998,"total":2.7330718,"children":{"AgentInfo.ToProto":{"count":23371,"self":0.1831972,"total":2.5180493,"children":{"GenerateSensorData":{"count":23371,"self":1.8321075999999998,"total":2.3348521,"children":{"RayPerceptionSensor.Perceive":{"count":70113,"self":0.5027446,"total":0.5027446,"children":null}}}}}}}}},"DecideAction":{"count":116851,"self":248.93104639999999,"total":248.9310478,"children":null},"AgentAct":{"count":116851,"self":1.238737,"total":1.2497114,"children":{"AgentInfo.ToProto":{"count":94,"self":0,"total":0.010974399999999999,"children":{"GenerateSensorData":{"count":94,"self":0.007977999999999999,"total":0.010974399999999999,"children":{"RayPerceptionSensor.Perceive":{"count":282,"self":0.0029963999999999998,"total":0.0029963999999999998,"children":null}}}}}}}},"gauges":{"NeoBehavior.CumulativeReward":{"count":94,"max":178.399963,"min":-72.499855,"runningAverage":140.444672,"value":146.799988,"weightedAverage":158.164764}},"metadata":{"timer_format_version":"0.1.0","start_time_seconds":"1654527070","unity_version":"2020.3.30f1c1","command_line_arguments":"D:\/UnityHub\/UnityEditor\/2020.3.30f1c1\/Editor\/Unity.exe -projectpath D:\\Semester4\\GameAIProject\\Games-and-AI -useHub -hubIPC -cloudEnvironment production -licensingIpc LicenseClient-86183 -hubSessionId b5994c30-e55b-11ec-9ad0-993a5e6f058f -accessToken xlM3U-U5XUDy14iE5QhRUHFeQNIiWdGt9Q_hlwzqaV800ff","communication_protocol_version":"1.5.0","com.unity.ml-agents_version":"2.2.1-exp.1","scene_name":"Sun","end_time_seconds":"1654527545"}}