{"count":1,"self":370.509824,"total":376.17665669999997,"children":{"InitializeActuators":{"count":1,"self":0.0010008999999999999,"total":0.0010008999999999999,"children":null},"InitializeSensors":{"count":1,"self":0.0020017999999999998,"total":0.0020017999999999998,"children":null},"AgentSendState":{"count":18576,"self":3.9106235999999996,"total":3.9501714999999997,"children":{"CollectObservations":{"count":3716,"self":0.0020074999999999997,"total":0.0020074999999999997,"children":null},"WriteActionMask":{"count":3716,"self":0.0060059,"total":0.0060059,"children":null},"RequestDecision":{"count":3716,"self":0.0315344,"total":0.0315344,"children":null}}},"DecideAction":{"count":18576,"self":1.5244981,"total":1.6155808999999999,"children":{"RayPerceptionSensor.Perceive":{"count":11148,"self":0.091082799999999992,"total":0.091082799999999992,"children":null}}},"AgentAct":{"count":18576,"self":0.0970881,"total":0.0970881,"children":null}},"gauges":{"NeoBehavior.CumulativeReward":{"count":3,"max":143,"min":62,"runningAverage":94.6666641,"value":79,"weightedAverage":111.8125}},"metadata":{"timer_format_version":"0.1.0","start_time_seconds":"1654147393","unity_version":"2020.3.30f1c1","command_line_arguments":"D:\\Unity_Editor\\2020.3.30f1c1\\Editor\\Unity.exe -projectpath D:\\Unity_Projects\\Games-and-AI -useHub -hubIPC -cloudEnvironment production -licensingIpc LicenseClient-Will-3600 -hubSessionId 6858f6f0-e1af-11ec-a39a-35da371d7691 -accessToken ycS_CIROg2JMkTGpqDFooiDnRH9f1sN7P0D23HVpZ5I00bf","communication_protocol_version":"1.5.0","com.unity.ml-agents_version":"2.2.1-exp.1","scene_name":"Sun","end_time_seconds":"1654147769"}}