{"count":1,"self":4902.0735488,"total":13686.5346713,"children":{"InitializeActuators":{"count":1,"self":0.0020004,"total":0.0020004,"children":null},"InitializeSensors":{"count":1,"self":0.0030007999999999996,"total":0.0030007999999999996,"children":null},"AgentSendState":{"count":11351718,"self":2105.3784064,"total":2333.4711016,"children":{"CollectObservations":{"count":2270344,"self":4.3540383999999994,"total":4.3540382,"children":null},"WriteActionMask":{"count":2270344,"self":3.4563512,"total":3.4563509999999997,"children":null},"RequestDecision":{"count":2270344,"self":16.472614399999998,"total":220.2823851,"children":{"AgentInfo.ToProto":{"count":2270344,"self":11.4650912,"total":203.80977109999998,"children":{"GenerateSensorData":{"count":2270344,"self":138.2696192,"total":192.3446799,"children":{"RayPerceptionSensor.Perceive":{"count":6811032,"self":54.075052799999995,"total":54.0750551,"children":null}}}}}}}}},"DecideAction":{"count":11351718,"self":6392.7226368,"total":6392.7227615,"children":null},"AgentAct":{"count":11351718,"self":58.0586432,"total":58.2614552,"children":{"AgentInfo.ToProto":{"count":2270,"self":0.0120033,"total":0.2028121,"children":{"GenerateSensorData":{"count":2270,"self":0.1402978,"total":0.1908088,"children":{"RayPerceptionSensor.Perceive":{"count":6810,"self":0.050511,"total":0.050511,"children":null}}}}}}}},"gauges":{"NeoBehavior.CumulativeReward":{"count":2270,"max":-34.5483246,"min":-1872.4342,"runningAverage":-174.991348,"value":-157.497345,"weightedAverage":-170.262344}},"metadata":{"timer_format_version":"0.1.0","start_time_seconds":"1653985310","unity_version":"2020.3.30f1c1","command_line_arguments":"D:\\Program Files\\Unity\\2020.3.30f1c1\\Editor\\Unity.exe -projectpath E:\\RMIT\\2022_sem1\\GameAI\\Games-and-AI -useHub -hubIPC -cloudEnvironment production -licensingIpc LicenseClient-jinsh -hubSessionId e143f250-e01e-11ec-85e4-99b35e07d853 -accessToken nDQj59y_s0mMivCu-p4j8DwdVLka34Fnaxtp3vPjQNU00bf","communication_protocol_version":"1.5.0","com.unity.ml-agents_version":"2.2.1-exp.1","scene_name":"Sun","end_time_seconds":"1653998996"}}