{"count":1,"self":553.32997119999993,"total":2666.8701816,"children":{"InitializeActuators":{"count":1,"self":0.0010373,"total":0.0010373,"children":null},"InitializeSensors":{"count":1,"self":0.0019996,"total":0.0019996,"children":null},"AgentSendState":{"count":926117,"self":479.21981439999996,"total":497.09942509999996,"children":{"CollectObservations":{"count":185224,"self":0.2392211,"total":0.2392211,"children":null},"WriteActionMask":{"count":185224,"self":0.20949079999999998,"total":0.20949079999999998,"children":null},"RequestDecision":{"count":185224,"self":1.2617137999999999,"total":17.4308966,"children":{"AgentInfo.ToProto":{"count":185224,"self":1.1677757,"total":16.169182799999998,"children":{"GenerateSensorData":{"count":185224,"self":11.1017104,"total":15.0014071,"children":{"RayPerceptionSensor.Perceive":{"count":555672,"self":3.8996972,"total":3.8996971,"children":null}}}}}}}}},"DecideAction":{"count":926117,"self":1595.0321663999998,"total":1595.0321182999999,"children":null},"AgentAct":{"count":926117,"self":21.387275199999998,"total":21.4036537,"children":{"AgentInfo.ToProto":{"count":174,"self":0.0010115999999999999,"total":0.0163785,"children":{"GenerateSensorData":{"count":174,"self":0.0083555,"total":0.0153669,"children":{"RayPerceptionSensor.Perceive":{"count":522,"self":0.0070114,"total":0.0070114,"children":null}}}}}}}},"gauges":{"NeoBehavior.CumulativeReward":{"count":174,"max":398.554657,"min":-63.95984,"runningAverage":109.424477,"value":186.714813,"weightedAverage":139.456757}},"metadata":{"timer_format_version":"0.1.0","start_time_seconds":"1653996689","unity_version":"2020.3.30f1c1","command_line_arguments":"D:\/UnityHub\/UnityEditor\/2020.3.30f1c1\/Editor\/Unity.exe -projectpath D:\\Semester4\\GameAIProject\\Games-and-AI -useHub -hubIPC -cloudEnvironment production -licensingIpc LicenseClient-86183 -hubSessionId 333c8bd0-e0d3-11ec-b88e-c3b1a1ddf801 -accessToken fLNeSzE7fJXTcxg9GfyZcyPJbE7mIsKhd_a9eyRXyOg00ff","communication_protocol_version":"1.5.0","com.unity.ml-agents_version":"2.2.1-exp.1","scene_name":"Sun","end_time_seconds":"1653999356"}}