{"count":1,"self":309.2682496,"total":325.1508353,"children":{"InitializeActuators":{"count":1,"self":0.0024998999999999998,"total":0.0024998999999999998,"children":null},"InitializeSensors":{"count":1,"self":0.0029998,"total":0.0029998,"children":null},"AgentSendState":{"count":15974,"self":5.4360403999999996,"total":5.5071683,"children":{"CollectObservations":{"count":3195,"self":0.015055599999999999,"total":0.015055599999999999,"children":null},"WriteActionMask":{"count":3195,"self":0.0039994,"total":0.0039994,"children":null},"RequestDecision":{"count":3195,"self":0.052072999999999994,"total":0.052072999999999994,"children":null}}},"DecideAction":{"count":15974,"self":8.573107199999999,"total":10.1429374,"children":{"RayPerceptionSensor.Perceive":{"count":9585,"self":1.5698303,"total":1.5698303,"children":null}}},"AgentAct":{"count":15974,"self":0.2249679,"total":0.2249679,"children":null}},"gauges":{"NeoBehavior.CumulativeReward":{"count":13,"max":182.799927,"min":149.5,"runningAverage":171.57692,"value":166.400024,"weightedAverage":170.777435}},"metadata":{"timer_format_version":"0.1.0","start_time_seconds":"1654259495","unity_version":"2020.3.30f1c1","command_line_arguments":"D:\/UnityHub\/UnityEditor\/2020.3.30f1c1\/Editor\/Unity.exe -projectpath D:\\Semester4\\GameAIProject\\Games-and-AI -useHub -hubIPC -cloudEnvironment production -licensingIpc LicenseClient-86183 -hubSessionId c81875a0-e314-11ec-9849-5da9c6ea4ccd -accessToken iW3Cl31cBHbE8XH-0mnszxv2HaAj1p8_0BzXB4drBrg00ff","communication_protocol_version":"1.5.0","com.unity.ml-agents_version":"2.2.1-exp.1","scene_name":"Sun","end_time_seconds":"1654259820"}}