{"count":1,"self":72.563487999999992,"total":376.57967179999997,"children":{"InitializeActuators":{"count":1,"self":0.0020004,"total":0.0020004,"children":null},"InitializeSensors":{"count":1,"self":0.0040003,"total":0.0040003,"children":null},"AgentSendState":{"count":214484,"self":7.3040688,"total":10.466899699999999,"children":{"CollectObservations":{"count":42897,"self":0.082061,"total":0.082061,"children":null},"WriteActionMask":{"count":42897,"self":0.0340112,"total":0.0340112,"children":null},"RequestDecision":{"count":42897,"self":0.2513701,"total":3.0467583,"children":{"AgentInfo.ToProto":{"count":42897,"self":0.21940669999999998,"total":2.7953881999999997,"children":{"GenerateSensorData":{"count":42897,"self":2.4360472,"total":2.5759814999999997,"children":{"RayPerceptionSensor.Perceive":{"count":42897,"self":0.13993429999999998,"total":0.13993429999999998,"children":null}}}}}}}}},"DecideAction":{"count":214484,"self":292.93388799999997,"total":292.9338878,"children":null},"AgentAct":{"count":214484,"self":0.60239959999999992,"total":0.60739539999999992,"children":{"AgentInfo.ToProto":{"count":71,"self":0.00099629999999999988,"total":0.0049958,"children":{"GenerateSensorData":{"count":71,"self":0.0019974999999999997,"total":0.0039995,"children":{"RayPerceptionSensor.Perceive":{"count":71,"self":0.002002,"total":0.002002,"children":null}}}}}}}},"gauges":{"MinionBehaviour.CumulativeReward":{"count":71,"max":2700,"min":0,"runningAverage":1164.22522,"value":2480,"weightedAverage":2398.018}},"metadata":{"timer_format_version":"0.1.0","start_time_seconds":"1652278350","unity_version":"2020.3.30f1c1","command_line_arguments":"D:\/UnityHub\/UnityEditor\/2020.3.30f1c1\/Editor\/Unity.exe -projectpath D:\\Semester4\\GameAIProject\\Games-and-AI -useHub -hubIPC -cloudEnvironment production -licensingIpc LicenseClient-86183 -hubSessionId 41cf1250-d055-11ec-b868-132cb7ee041f -accessToken JbdPYl7CPRbjJbpn0YpOE3Ml8Cq29fANgYBVN8O4Bf800ff","communication_protocol_version":"1.5.0","com.unity.ml-agents_version":"2.2.1-exp.1","scene_name":"Sun","end_time_seconds":"1652278727"}}