{
    "name": "root",
    "metadata": {
        "timer_format_version": "0.1.0",
        "start_time_seconds": "1652326798",
        "python_version": "3.7.13 (default, Mar 28 2022, 08:03:21) [MSC v.1916 64 bit (AMD64)]",
        "command_line_arguments": "D:\\Anaconda\\envs\\unity\\Scripts\\mlagents-learn config.yaml --run-id=testNeo --force",
        "mlagents_version": "0.28.0",
        "mlagents_envs_version": "0.28.0",
        "communication_protocol_version": "1.5.0",
        "pytorch_version": "1.7.1+cu110",
        "numpy_version": "1.21.6",
        "end_time_seconds": "1652326944"
    },
    "total": 145.97647479999998,
    "count": 1,
    "self": 0.007169699999963086,
    "children": {
        "run_training.setup": {
            "total": 0.10797669999999981,
            "count": 1,
            "self": 0.10797669999999981
        },
        "TrainerController.start_learning": {
            "total": 145.86132840000002,
            "count": 1,
            "self": 0.008936699999964048,
            "children": {
                "TrainerController._reset_env": {
                    "total": 10.5813756,
                    "count": 1,
                    "self": 10.5813756
                },
                "TrainerController.advance": {
                    "total": 135.18527070000005,
                    "count": 547,
                    "self": 0.008360900000099036,
                    "children": {
                        "env_step": {
                            "total": 135.1113957,
                            "count": 547,
                            "self": 133.57137890000004,
                            "children": {
                                "SubprocessEnvManager._take_step": {
                                    "total": 1.53424879999997,
                                    "count": 547,
                                    "self": 0.023804300000040968,
                                    "children": {
                                        "TorchPolicy.evaluate": {
                                            "total": 1.5104444999999291,
                                            "count": 547,
                                            "self": 0.4975135999998894,
                                            "children": {
                                                "TorchPolicy.sample_actions": {
                                                    "total": 1.0129309000000397,
                                                    "count": 547,
                                                    "self": 1.0129309000000397
                                                }
                                            }
                                        }
                                    }
                                },
                                "workers": {
                                    "total": 0.005767999999994444,
                                    "count": 546,
                                    "self": 0.0,
                                    "children": {
                                        "worker_root": {
                                            "total": 39.32371889999993,
                                            "count": 546,
                                            "is_parallel": true,
                                            "self": 3.1818116999998693,
                                            "children": {
                                                "steps_from_proto": {
                                                    "total": 0.0003457999999998407,
                                                    "count": 1,
                                                    "is_parallel": true,
                                                    "self": 0.0001917000000002389,
                                                    "children": {
                                                        "_process_rank_one_or_two_observation": {
                                                            "total": 0.00015409999999960178,
                                                            "count": 2,
                                                            "is_parallel": true,
                                                            "self": 0.00015409999999960178
                                                        }
                                                    }
                                                },
                                                "UnityEnvironment.step": {
                                                    "total": 36.141561400000064,
                                                    "count": 546,
                                                    "is_parallel": true,
                                                    "self": 0.032245500000172456,
                                                    "children": {
                                                        "UnityEnvironment._generate_step_input": {
                                                            "total": 0.028403499999908988,
                                                            "count": 546,
                                                            "is_parallel": true,
                                                            "self": 0.028403499999908988
                                                        },
                                                        "communicator.exchange": {
                                                            "total": 35.964899599999974,
                                                            "count": 546,
                                                            "is_parallel": true,
                                                            "self": 35.964899599999974
                                                        },
                                                        "steps_from_proto": {
                                                            "total": 0.11601280000000536,
                                                            "count": 546,
                                                            "is_parallel": true,
                                                            "self": 0.07468089999989225,
                                                            "children": {
                                                                "_process_rank_one_or_two_observation": {
                                                                    "total": 0.04133190000011311,
                                                                    "count": 1092,
                                                                    "is_parallel": true,
                                                                    "self": 0.04133190000011311
                                                                }
                                                            }
                                                        }
                                                    }
                                                }
                                            }
                                        }
                                    }
                                }
                            }
                        },
                        "trainer_advance": {
                            "total": 0.06551409999993574,
                            "count": 546,
                            "self": 0.010391299999859882,
                            "children": {
                                "process_trajectory": {
                                    "total": 0.055122800000075856,
                                    "count": 546,
                                    "self": 0.055122800000075856
                                }
                            }
                        }
                    }
                },