{
    "name": "root",
    "gauges": {
        "SunTraining.Policy.Entropy.mean": {
            "value": 1.7736471891403198,
            "min": 1.6750811338424683,
            "max": 1.791124701499939,
            "count": 58
        },
        "SunTraining.Policy.Entropy.sum": {
            "value": 908.1073608398438,
            "min": 762.2679443359375,
            "max": 976.3045654296875,
            "count": 58
        },
        "SunTraining.Step.mean": {
            "value": 28953.0,
            "min": 448.0,
            "max": 28953.0,
            "count": 58
        },
        "SunTraining.Step.sum": {
            "value": 28953.0,
            "min": 448.0,
            "max": 28953.0,
            "count": 58
        },
        "SunTraining.Policy.ExtrinsicValueEstimate.mean": {
            "value": -3574.736328125,
            "min": -3918.4345703125,
            "max": -0.04452186077833176,
            "count": 58
        },
        "SunTraining.Policy.ExtrinsicValueEstimate.sum": {
            "value": -28597.890625,
            "min": -38306.2734375,
            "max": -0.33907848596572876,
            "count": 58
        },
        "SunTraining.IsTraining.mean": {
            "value": 1.0,
            "min": 1.0,
            "max": 1.0,
            "count": 58
        },
        "SunTraining.IsTraining.sum": {
            "value": 1.0,
            "min": 1.0,
            "max": 1.0,
            "count": 58
        },
        "SunTraining.Environment.EpisodeLength.mean": {
            "value": 442.5,
            "min": 139.0,
            "max": 748.0,
            "count": 55
        },
        "SunTraining.Environment.EpisodeLength.sum": {
            "value": 885.0,
            "min": 139.0,
            "max": 895.0,
            "count": 55
        },
        "SunTraining.Environment.CumulativeReward.mean": {
            "value": -15577.28125,
            "min": -18511.5,
            "max": -7679.15625,
            "count": 56
        },
        "SunTraining.Environment.CumulativeReward.sum": {
            "value": -31154.5625,
            "min": -35794.25,
            "max": -12569.0,
            "count": 56
        },
        "SunTraining.Policy.ExtrinsicReward.mean": {
            "value": -15577.28125,
            "min": -18511.5,
            "max": -7679.15625,
            "count": 56
        },
        "SunTraining.Policy.ExtrinsicReward.sum": {
            "value": -31154.5625,
            "min": -35794.25,
            "max": -12569.0,
            "count": 56
        },
        "SunTraining.Losses.PolicyLoss.mean": {
            "value": 0.06292509206105024,
            "min": 0.05524286069946053,
            "max": 0.07700722651012863,
            "count": 13
        },
        "SunTraining.Losses.PolicyLoss.sum": {
            "value": 0.06292509206105024,
            "min": 0.05524286069946053,
            "max": 0.07700722651012863,
            "count": 13
        },
        "SunTraining.Losses.ValueLoss.mean": {
            "value": 6730689.5078125,
            "min": 6278864.4765625,
            "max": 12010562.302083334,
            "count": 13
        },
        "SunTraining.Losses.ValueLoss.sum": {
            "value": 6730689.5078125,
            "min": 6278864.4765625,
            "max": 12010562.302083334,
            "count": 13
        },
        "SunTraining.Policy.LearningRate.mean": {
            "value": 0.00029983762805412396,
            "min": 0.00029983762805412396,
            "max": 0.000299987532004156,
            "count": 13
        },
        "SunTraining.Policy.LearningRate.sum": {
            "value": 0.00029983762805412396,
            "min": 0.00029983762805412396,
            "max": 0.000299987532004156,
            "count": 13
        },
        "SunTraining.Policy.Epsilon.mean": {
            "value": 0.19994587600000002,
            "min": 0.19994587600000002,
            "max": 0.199995844,
            "count": 13
        },
        "SunTraining.Policy.Epsilon.sum": {
            "value": 0.19994587600000002,
            "min": 0.19994587600000002,
            "max": 0.199995844,
            "count": 13
        },
        "SunTraining.Policy.Beta.mean": {
            "value": 0.0005,
            "min": 0.0005,
            "max": 0.0005,
            "count": 13
        },
        "SunTraining.Policy.Beta.sum": {
            "value": 0.0005,
            "min": 0.0005,
            "max": 0.0005,
            "count": 13
        }
    },
    "metadata": {
        "timer_format_version": "0.1.0",
        "start_time_seconds": "1654446164",
        "python_version": "3.7.13 (default, Mar 28 2022, 08:03:21) [MSC v.1916 64 bit (AMD64)]",
        "command_line_arguments": "D:\\Program Files (x86)\\anaconda3\\envs\\game_ai\\Scripts\\mlagents-learn config/ppo/config.yaml --run-id=testJump --force",
        "mlagents_version": "0.28.0",
        "mlagents_envs_version": "0.28.0",
        "communication_protocol_version": "1.5.0",
        "pytorch_version": "1.11.0+cpu",
        "numpy_version": "1.21.6",
        "end_time_seconds": "1654446308"
    },
    "total": 143.6109706,
    "count": 1,
    "self": 0.004401199999989558,
    "children": {
        "run_training.setup": {
            "total": 0.05223040000000001,
            "count": 1,
            "self": 0.05223040000000001
        },
        "TrainerController.start_learning": {
            "total": 143.554339,
            "count": 1,
            "self": 0.3973801999999864,
            "children": {
                "TrainerController._reset_env": {
                    "total": 5.4252267000000005,
                    "count": 1,
                    "self": 5.4252267000000005
                },
                "TrainerController.advance": {
                    "total": 137.6278728,
                    "count": 29248,
                    "self": 0.3759530999985543,
                    "children": {
                        "env_step": {
                            "total": 125.4375305000018,
                            "count": 29248,
                            "self": 103.55170229999956,
                            "children": {
                                "SubprocessEnvManager._take_step": {
                                    "total": 21.647691600001327,
                                    "count": 29248,
                                    "self": 0.9435312999994032,
                                    "children": {
                                        "TorchPolicy.evaluate": {
                                            "total": 20.704160300001924,
                                            "count": 29171,
                                            "self": 4.468754500001893,
                                            "children": {
                                                "TorchPolicy.sample_actions": {
                                                    "total": 16.23540580000003,
                                                    "count": 29171,
                                                    "self": 16.23540580000003
                                                }
                                            }
                                        }
                                    }
                                },
                                "workers": {
                                    "total": 0.23813660000090575,
                                    "count": 29247,
                                    "self": 0.0,
                                    "children": {
                                        "worker_root": {
                                            "total": 134.8222605000009,
                                            "count": 29247,
                                            "is_parallel": true,
                                            "self": 50.737513400001404,