{
    "name": "root",
    "gauges": {
        "SunTraining.Policy.Entropy.mean": {
            "value": 2.4730374813079834,
            "min": 2.4729254245758057,
            "max": 2.4843878746032715,
            "count": 6
        },
        "SunTraining.Policy.Entropy.sum": {
            "value": 1268.668212890625,
            "min": 1165.176025390625,
            "max": 1363.9161376953125,
            "count": 6
        },
        "SunTraining.Step.mean": {
            "value": 2980.0,
            "min": 469.0,
            "max": 2980.0,
            "count": 6
        },
        "SunTraining.Step.sum": {
            "value": 2980.0,
            "min": 469.0,
            "max": 2980.0,
            "count": 6
        },
        "SunTraining.Policy.ExtrinsicValueEstimate.mean": {
            "value": -5.897884368896484,
            "min": -5.897884368896484,
            "max": 0.034144025295972824,
            "count": 6
        },
        "SunTraining.Policy.ExtrinsicValueEstimate.sum": {
            "value": -53.08095932006836,
            "min": -53.08095932006836,
            "max": 0.2731522023677826,
            "count": 6
        },
        "SunTraining.Environment.EpisodeLength.mean": {
            "value": 320.0,
            "min": 203.33333333333334,
            "max": 404.0,
            "count": 6
        },
        "SunTraining.Environment.EpisodeLength.sum": {
            "value": 320.0,
            "min": 212.0,
            "max": 628.0,
            "count": 6
        },
        "SunTraining.Environment.CumulativeReward.mean": {
            "value": -83.4000015258789,
            "min": -117.00000095367432,
            "max": -35.733335177103676,
            "count": 6
        },
        "SunTraining.Environment.CumulativeReward.sum": {
            "value": -83.4000015258789,
            "min": -186.90000343322754,
            "max": -81.00000190734863,
            "count": 6
        },
        "SunTraining.Policy.ExtrinsicReward.mean": {
            "value": -83.4000015258789,
            "min": -117.00000095367432,
            "max": -35.733335177103676,
            "count": 6
        },
        "SunTraining.Policy.ExtrinsicReward.sum": {
            "value": -83.4000015258789,
            "min": -186.90000343322754,
            "max": -81.00000190734863,
            "count": 6
        },
        "SunTraining.IsTraining.mean": {
            "value": 1.0,
            "min": 1.0,
            "max": 1.0,
            "count": 6
        },
        "SunTraining.IsTraining.sum": {
            "value": 1.0,
            "min": 1.0,
            "max": 1.0,
            "count": 6
        },
        "SunTraining.Losses.PolicyLoss.mean": {
            "value": 0.0702575513375147,
            "min": 0.0702575513375147,
            "max": 0.0702575513375147,
            "count": 1
        },
        "SunTraining.Losses.PolicyLoss.sum": {
            "value": 0.0702575513375147,
            "min": 0.0702575513375147,
            "max": 0.0702575513375147,
            "count": 1
        },
        "SunTraining.Losses.ValueLoss.mean": {
            "value": 63.99947547912598,
            "min": 63.99947547912598,
            "max": 63.99947547912598,
            "count": 1
        },
        "SunTraining.Losses.ValueLoss.sum": {
            "value": 63.99947547912598,
            "min": 63.99947547912598,
            "max": 63.99947547912598,
            "count": 1
        },
        "SunTraining.Policy.LearningRate.mean": {
            "value": 0.00029998768200410595,
            "min": 0.00029998768200410595,
            "max": 0.00029998768200410595,
            "count": 1
        },
        "SunTraining.Policy.LearningRate.sum": {
            "value": 0.00029998768200410595,
            "min": 0.00029998768200410595,
            "max": 0.00029998768200410595,
            "count": 1
        },
        "SunTraining.Policy.Epsilon.mean": {
            "value": 0.19999589399999998,
            "min": 0.19999589399999998,
            "max": 0.19999589399999998,
            "count": 1
        },
        "SunTraining.Policy.Epsilon.sum": {
            "value": 0.19999589399999998,
            "min": 0.19999589399999998,
            "max": 0.19999589399999998,
            "count": 1
        },
        "SunTraining.Policy.Beta.mean": {
            "value": 0.0005,
            "min": 0.0005,
            "max": 0.0005,
            "count": 1
        },
        "SunTraining.Policy.Beta.sum": {
            "value": 0.0005,
            "min": 0.0005,
            "max": 0.0005,
            "count": 1
        }
    },
    "metadata": {
        "timer_format_version": "0.1.0",
        "start_time_seconds": "1654491328",
        "python_version": "3.7.13 (default, Mar 28 2022, 08:03:21) [MSC v.1916 64 bit (AMD64)]",
        "command_line_arguments": "D:\\Program Files (x86)\\anaconda3\\envs\\game_ai\\Scripts\\mlagents-learn config/ppo/config.yaml --run-id=testJump --force",
        "mlagents_version": "0.28.0",
        "mlagents_envs_version": "0.28.0",
        "communication_protocol_version": "1.5.0",
        "pytorch_version": "1.11.0+cpu",
        "numpy_version": "1.21.6",
        "end_time_seconds": "1654491410"
    },
    "total": 82.10225419999999,
    "count": 1,
    "self": 0.0036884999999955426,
    "children": {
        "run_training.setup": {
            "total": 0.05047350000000006,
            "count": 1,
            "self": 0.05047350000000006
        },
        "TrainerController.start_learning": {
            "total": 82.0480922,
            "count": 1,
            "self": 0.03779730000015036,
            "children": {
                "TrainerController._reset_env": {
                    "total": 4.0813518,
                    "count": 1,
                    "self": 4.0813518
                },
                "TrainerController.advance": {
                    "total": 77.81666509999984,
                    "count": 3257,
                    "self": 0.0391611999999526,
                    "children": {
                        "env_step": {
                            "total": 76.85175259999995,
                            "count": 3257,
                            "self": 73.98038219999998,
                            "children": {
                                "SubprocessEnvManager._take_step": {
                                    "total": 2.847397400000041,
                                    "count": 3257,
                                    "self": 0.09903110000001192,
                                    "children": {
                                        "TorchPolicy.evaluate": {
                                            "total": 2.748366300000029,
                                            "count": 3247,
                                            "self": 0.4828688000001229,
                                            "children": {
                                                "TorchPolicy.sample_actions": {
                                                    "total": 2.2654974999999062,
                                                    "count": 3247,
                                                    "self": 2.2654974999999062
                                                }
                                            }
                                        }
                                    }
                                },
                                "workers": {
                                    "total": 0.023972999999934963,
                                    "count": 3256,
                                    "self": 0.0,
                                    "children": {
                                        "worker_root": {
                                            "total": 16.86442119999994,
                                            "count": 3256,
                                            "is_parallel": true,
                                            "self": 5.563302899999879,