{
    "name": "root",
    "gauges": {
        "NeoBehavior.Policy.Entropy.mean": {
            "value": 0.7074130177497864,
            "min": 0.6189252138137817,
            "max": 1.165164589881897,
            "count": 18
        },
        "NeoBehavior.Policy.Entropy.sum": {
            "value": 345.2175598144531,
            "min": 316.88970947265625,
            "max": 585.930908203125,
            "count": 18
        },
        "NeoBehavior.Step.mean": {
            "value": 77985.0,
            "min": 69437.0,
            "max": 77985.0,
            "count": 18
        },
        "NeoBehavior.Step.sum": {
            "value": 77985.0,
            "min": 69437.0,
            "max": 77985.0,
            "count": 18
        },
        "NeoBehavior.Policy.ExtrinsicValueEstimate.mean": {
            "value": 2217.5078125,
            "min": 664.8733520507812,
            "max": 2239.4296875,
            "count": 18
        },
        "NeoBehavior.Policy.ExtrinsicValueEstimate.sum": {
            "value": 17740.0625,
            "min": 5318.98681640625,
            "max": 17915.4375,
            "count": 18
        },
        "NeoBehavior.IsTraining.mean": {
            "value": 1.0,
            "min": 1.0,
            "max": 1.0,
            "count": 18
        },
        "NeoBehavior.IsTraining.sum": {
            "value": 1.0,
            "min": 1.0,
            "max": 1.0,
            "count": 18
        },
        "NeoBehavior.Environment.EpisodeLength.mean": {
            "value": 999.0,
            "min": 895.0,
            "max": 999.0,
            "count": 9
        },
        "NeoBehavior.Environment.EpisodeLength.sum": {
            "value": 999.0,
            "min": 895.0,
            "max": 999.0,
            "count": 9
        },
        "NeoBehavior.Environment.CumulativeReward.mean": {
            "value": 37214.20017051697,
            "min": 4377.599939078093,
            "max": 37214.20017051697,
            "count": 9
        },
        "NeoBehavior.Environment.CumulativeReward.sum": {
            "value": 37214.20017051697,
            "min": 4377.599939078093,
            "max": 37214.20017051697,
            "count": 9
        },
        "NeoBehavior.Policy.ExtrinsicReward.mean": {
            "value": 37214.20017051697,
            "min": 4377.599939078093,
            "max": 37214.20017051697,
            "count": 9
        },
        "NeoBehavior.Policy.ExtrinsicReward.sum": {
            "value": 37214.20017051697,
            "min": 4377.599939078093,
            "max": 37214.20017051697,
            "count": 9
        },
        "NeoBehavior.Losses.PolicyLoss.mean": {
            "value": 0.06363158052166303,
            "min": 0.06363158052166303,
            "max": 0.07753996221193422,
            "count": 4
        },
        "NeoBehavior.Losses.PolicyLoss.sum": {
            "value": 0.06363158052166303,
            "min": 0.06363158052166303,
            "max": 0.07753996221193422,
            "count": 4
        },
        "NeoBehavior.Losses.ValueLoss.mean": {
            "value": 263595.125,
            "min": 123159.94319661458,
            "max": 263595.125,
            "count": 4
        },
        "NeoBehavior.Losses.ValueLoss.sum": {
            "value": 263595.125,
            "min": 123159.94319661458,
            "max": 263595.125,
            "count": 4
        },
        "NeoBehavior.Policy.LearningRate.mean": {
            "value": 0.00029953578615473796,
            "min": 0.00029953578615473796,
            "max": 0.0002995731541422819,
            "count": 4
        },
        "NeoBehavior.Policy.LearningRate.sum": {
            "value": 0.00029953578615473796,
            "min": 0.00029953578615473796,
            "max": 0.0002995731541422819,
            "count": 4
        },
        "NeoBehavior.Policy.Epsilon.mean": {
            "value": 0.199845262,
            "min": 0.199845262,
            "max": 0.19985771800000005,
            "count": 4
        },
        "NeoBehavior.Policy.Epsilon.sum": {
            "value": 0.199845262,
            "min": 0.199845262,
            "max": 0.19985771800000005,
            "count": 4
        },
        "NeoBehavior.Policy.Beta.mean": {
            "value": 0.0005,
            "min": 0.0005,
            "max": 0.0005,
            "count": 4
        },
        "NeoBehavior.Policy.Beta.sum": {
            "value": 0.0005,
            "min": 0.0005,
            "max": 0.0005,
            "count": 4
        }
    },
    "metadata": {
        "timer_format_version": "0.1.0",
        "start_time_seconds": "1653584205",
        "python_version": "3.7.13 (default, Mar 28 2022, 08:03:21) [MSC v.1916 64 bit (AMD64)]",
        "command_line_arguments": "D:\\anaconda\\envs\\python3.7\\Scripts\\mlagents-learn config/ppo/config.yaml --run-id=testJump --resume",
        "mlagents_version": "0.28.0",
        "mlagents_envs_version": "0.28.0",
        "communication_protocol_version": "1.5.0",
        "pytorch_version": "1.7.1+cu110",
        "numpy_version": "1.21.6",
        "end_time_seconds": "1653584354"
    },
    "total": 148.7717987,
    "count": 1,
    "self": 0.012695100000001958,
    "children": {
        "run_training.setup": {
            "total": 0.22336739999999988,
            "count": 1,
            "self": 0.22336739999999988
        },
        "TrainerController.start_learning": {
            "total": 148.5357362,
            "count": 1,
            "self": 0.2261901999994791,
            "children": {
                "TrainerController._reset_env": {
                    "total": 11.297186,
                    "count": 1,
                    "self": 11.297186
                },
                "TrainerController.advance": {
                    "total": 136.7722510000005,
                    "count": 9282,
                    "self": 0.2376131000004591,
                    "children": {
                        "env_step": {
                            "total": 130.26251419999994,
                            "count": 9282,
                            "self": 87.76114970000032,
                            "children": {
                                "SubprocessEnvManager._take_step": {
                                    "total": 42.35723809999938,
                                    "count": 9282,
                                    "self": 0.6376256000000211,
                                    "children": {
                                        "TorchPolicy.evaluate": {
                                            "total": 41.71961249999936,
                                            "count": 9274,
                                            "self": 8.724652499999735,
                                            "children": {
                                                "TorchPolicy.sample_actions": {
                                                    "total": 32.99495999999962,
                                                    "count": 9274,
                                                    "self": 32.99495999999962
                                                }
                                            }
                                        }
                                    }
                                },
                                "workers": {
                                    "total": 0.14412640000024624,
                                    "count": 9281,
                                    "self": 0.0,
                                    "children": {
                                        "worker_root": {
                                            "total": 126.14985989999951,
                                            "count": 9281,
                                            "is_parallel": true,
                                            "self": 63.1484241,