{
    "name": "root",
    "gauges": {
        "SunTraining.Policy.Entropy.mean": {
            "value": 0.5814764499664307,
            "min": 0.2904703617095947,
            "max": 0.6616834998130798,
            "count": 192
        },
        "SunTraining.Policy.Entropy.sum": {
            "value": 290.15673828125,
            "min": 139.67103576660156,
            "max": 342.07830810546875,
            "count": 192
        },
        "SunTraining.Environment.EpisodeLength.mean": {
            "value": 37.38461538461539,
            "min": 30.333333333333332,
            "max": 98.6,
            "count": 192
        },
        "SunTraining.Environment.EpisodeLength.sum": {
            "value": 486.0,
            "min": 389.0,
            "max": 597.0,
            "count": 192
        },
        "SunTraining.Step.mean": {
            "value": 413978.0,
            "min": 318497.0,
            "max": 413978.0,
            "count": 192
        },
        "SunTraining.Step.sum": {
            "value": 413978.0,
            "min": 318497.0,
            "max": 413978.0,
            "count": 192
        },
        "SunTraining.Policy.ExtrinsicValueEstimate.mean": {
            "value": 55.37311935424805,
            "min": 41.2850341796875,
            "max": 67.94745635986328,
            "count": 192
        },
        "SunTraining.Policy.ExtrinsicValueEstimate.sum": {
            "value": 941.343017578125,
            "min": 515.7080078125,
            "max": 1055.4833984375,
            "count": 192
        },
        "SunTraining.Environment.CumulativeReward.mean": {
            "value": 70.40000064556415,
            "min": 49.874999475975834,
            "max": 86.4999994456768,
            "count": 192
        },
        "SunTraining.Environment.CumulativeReward.sum": {
            "value": 915.200008392334,
            "min": 410.29999220371246,
            "max": 1208.0,
            "count": 192
        },
        "SunTraining.Policy.ExtrinsicReward.mean": {
            "value": 70.40000064556415,
            "min": 49.874999475975834,
            "max": 86.4999994456768,
            "count": 192
        },
        "SunTraining.Policy.ExtrinsicReward.sum": {
            "value": 915.200008392334,
            "min": 410.29999220371246,
            "max": 1208.0,
            "count": 192
        },
        "SunTraining.IsTraining.mean": {
            "value": 1.0,
            "min": 1.0,
            "max": 1.0,
            "count": 192
        },
        "SunTraining.IsTraining.sum": {
            "value": 1.0,
            "min": 1.0,
            "max": 1.0,
            "count": 192
        },
        "SunTraining.Losses.PolicyLoss.mean": {
            "value": 0.06985998457336488,
            "min": 0.04782746173683942,
            "max": 0.08863989574698887,
            "count": 46
        },
        "SunTraining.Losses.PolicyLoss.sum": {
            "value": 0.06985998457336488,
            "min": 0.04782746173683942,
            "max": 0.08863989574698887,
            "count": 46
        },
        "SunTraining.Losses.ValueLoss.mean": {
            "value": 145.19399309158325,
            "min": 59.43164483706156,
            "max": 174.39333788553873,
            "count": 46
        },
        "SunTraining.Losses.ValueLoss.sum": {
            "value": 145.19399309158325,
            "min": 59.43164483706156,
            "max": 174.39333788553873,
            "count": 46
        },
        "SunTraining.Policy.LearningRate.mean": {
            "value": 0.000297520506826498,
            "min": 0.000297520506826498,
            "max": 0.000298079454640182,
            "count": 46
        },
        "SunTraining.Policy.LearningRate.sum": {
            "value": 0.000297520506826498,
            "min": 0.000297520506826498,
            "max": 0.000298079454640182,
            "count": 46
        },
        "SunTraining.Policy.Epsilon.mean": {
            "value": 0.19917350200000003,
            "min": 0.19917350200000003,
            "max": 0.19935981800000002,
            "count": 46
        },
        "SunTraining.Policy.Epsilon.sum": {
            "value": 0.19917350200000003,
            "min": 0.19917350200000003,
            "max": 0.19935981800000002,
            "count": 46
        },
        "SunTraining.Policy.Beta.mean": {
            "value": 0.0005,
            "min": 0.0005,
            "max": 0.0005,
            "count": 46
        },
        "SunTraining.Policy.Beta.sum": {
            "value": 0.0005,
            "min": 0.0005,
            "max": 0.0005,
            "count": 46
        }
    },
    "metadata": {
        "timer_format_version": "0.1.0",
        "start_time_seconds": "1654525652",
        "python_version": "3.7.13 (default, Mar 28 2022, 08:03:21) [MSC v.1916 64 bit (AMD64)]",
        "command_line_arguments": "D:\\Program Files (x86)\\anaconda3\\envs\\game_ai\\Scripts\\mlagents-learn config/ppo/config.yaml --run-id=testJump --resume",
        "mlagents_version": "0.28.0",
        "mlagents_envs_version": "0.28.0",
        "communication_protocol_version": "1.5.0",
        "pytorch_version": "1.11.0+cpu",
        "numpy_version": "1.21.6",
        "end_time_seconds": "1654526288"
    },
    "total": 635.4201895,
    "count": 1,
    "self": 0.0052426999999397594,
    "children": {
        "run_training.setup": {
            "total": 0.057357699999999956,
            "count": 1,
            "self": 0.057357699999999956
        },
        "TrainerController.start_learning": {
            "total": 635.3575891,
            "count": 1,
            "self": 1.4171992999920349,
            "children": {
                "TrainerController._reset_env": {
                    "total": 7.6370461,
                    "count": 1,
                    "self": 7.6370461
                },
                "TrainerController.advance": {
                    "total": 626.171646200008,
                    "count": 98254,
                    "self": 1.3696405000110872,
                    "children": {
                        "env_step": {
                            "total": 584.0930308999905,
                            "count": 98254,
                            "self": 491.23336129998233,
                            "children": {
                                "SubprocessEnvManager._take_step": {
                                    "total": 92.00807120000431,
                                    "count": 98254,
                                    "self": 3.2350370000032314,
                                    "children": {
                                        "TorchPolicy.evaluate": {
                                            "total": 88.77303420000108,
                                            "count": 96274,
                                            "self": 15.906402899988407,
                                            "children": {
                                                "TorchPolicy.sample_actions": {
                                                    "total": 72.86663130001267,
                                                    "count": 96274,
                                                    "self": 72.86663130001267
                                                }
                                            }
                                        }
                                    }
                                },
                                "workers": {
                                    "total": 0.8515984000038248,
                                    "count": 98253,
                                    "self": 0.0,
                                    "children": {
                                        "worker_root": {
                                            "total": 619.6908243000066,
                                            "count": 98253,
                                            "is_parallel": true,
                                            "self": 194.22901960001582,