{
    "name": "root",
    "gauges": {
        "NeoBehavior.Policy.Entropy.mean": {
            "value": 0.1988992542028427,
            "min": 0.000850946526043117,
            "max": 1.7904318571090698,
            "count": 4540
        },
        "NeoBehavior.Policy.Entropy.sum": {
            "value": 109.79238891601562,
            "min": 0.38122403621673584,
            "max": 961.9071044921875,
            "count": 4540
        },
        "NeoBehavior.Step.mean": {
            "value": 2269997.0,
            "min": 448.0,
            "max": 2269997.0,
            "count": 4540
        },
        "NeoBehavior.Step.sum": {
            "value": 2269997.0,
            "min": 448.0,
            "max": 2269997.0,
            "count": 4540
        },
        "NeoBehavior.Policy.ExtrinsicValueEstimate.mean": {
            "value": -21.549659729003906,
            "min": -92.58929443359375,
            "max": 13.223441123962402,
            "count": 4540
        },
        "NeoBehavior.Policy.ExtrinsicValueEstimate.sum": {
            "value": -193.9469451904297,
            "min": -833.1494750976562,
            "max": 92.5640869140625,
            "count": 4540
        },
        "NeoBehavior.IsTraining.mean": {
            "value": 1.0,
            "min": 1.0,
            "max": 1.0,
            "count": 4540
        },
        "NeoBehavior.IsTraining.sum": {
            "value": 1.0,
            "min": 1.0,
            "max": 1.0,
            "count": 4540
        },
        "NeoBehavior.Environment.EpisodeLength.mean": {
            "value": 999.0,
            "min": 913.0,
            "max": 999.0,
            "count": 2270
        },
        "NeoBehavior.Environment.EpisodeLength.sum": {
            "value": 999.0,
            "min": 913.0,
            "max": 999.0,
            "count": 2270
        },
        "NeoBehavior.Environment.CumulativeReward.mean": {
            "value": -154.4973268508911,
            "min": -1872.4341583251953,
            "max": -31.54832124710083,
            "count": 2270
        },
        "NeoBehavior.Environment.CumulativeReward.sum": {
            "value": -154.4973268508911,
            "min": -1872.4341583251953,
            "max": -31.54832124710083,
            "count": 2270
        },
        "NeoBehavior.Policy.ExtrinsicReward.mean": {
            "value": -154.4973268508911,
            "min": -1872.4341583251953,
            "max": -31.54832124710083,
            "count": 2270
        },
        "NeoBehavior.Policy.ExtrinsicReward.sum": {
            "value": -154.4973268508911,
            "min": -1872.4341583251953,
            "max": -31.54832124710083,
            "count": 2270
        },
        "NeoBehavior.Losses.PolicyLoss.mean": {
            "value": 0.0809103053373595,
            "min": 0.043645163328619674,
            "max": 0.09521333525966232,
            "count": 1098
        },
        "NeoBehavior.Losses.PolicyLoss.sum": {
            "value": 0.0809103053373595,
            "min": 0.043645163328619674,
            "max": 0.09521333525966232,
            "count": 1098
        },
        "NeoBehavior.Losses.ValueLoss.mean": {
            "value": 4.993892515699069,
            "min": 1.0305200883497794,
            "max": 1009.3181552886963,
            "count": 1098
        },
        "NeoBehavior.Losses.ValueLoss.sum": {
            "value": 4.993892515699069,
            "min": 1.0305200883497794,
            "max": 1009.3181552886963,
            "count": 1098
        },
        "NeoBehavior.Policy.LearningRate.mean": {
            "value": 0.0002863844865385059,
            "min": 0.0002863844865385059,
            "max": 0.000299987508004164,
            "count": 1098
        },
        "NeoBehavior.Policy.LearningRate.sum": {
            "value": 0.0002863844865385059,
            "min": 0.0002863844865385059,
            "max": 0.000299987508004164,
            "count": 1098
        },
        "NeoBehavior.Policy.Epsilon.mean": {
            "value": 0.195461494,
            "min": 0.195461494,
            "max": 0.199995836,
            "count": 1098
        },
        "NeoBehavior.Policy.Epsilon.sum": {
            "value": 0.195461494,
            "min": 0.195461494,
            "max": 0.199995836,
            "count": 1098
        },
        "NeoBehavior.Policy.Beta.mean": {
            "value": 0.0005,
            "min": 0.0005,
            "max": 0.0005,
            "count": 1098
        },
        "NeoBehavior.Policy.Beta.sum": {
            "value": 0.0005,
            "min": 0.0005,
            "max": 0.0005,
            "count": 1098
        }
    },
    "metadata": {
        "timer_format_version": "0.1.0",
        "start_time_seconds": "1653985306",
        "python_version": "3.7.13 (default, Mar 28 2022, 08:03:21) [MSC v.1916 64 bit (AMD64)]",
        "command_line_arguments": "D:\\Program Files (x86)\\anaconda3\\envs\\game_ai\\Scripts\\mlagents-learn config/ppo/config.yaml --run-id=testJump --force",
        "mlagents_version": "0.28.0",
        "mlagents_envs_version": "0.28.0",
        "communication_protocol_version": "1.5.0",
        "pytorch_version": "1.11.0+cpu",
        "numpy_version": "1.21.6",
        "end_time_seconds": "1653998996"
    },
    "total": 13690.2224479,
    "count": 1,
    "self": 0.284459099999367,
    "children": {
        "run_training.setup": {
            "total": 0.05329870000000003,
            "count": 1,
            "self": 0.05329870000000003
        },
        "TrainerController.start_learning": {
            "total": 13689.8846901,
            "count": 1,
            "self": 28.95279289986138,
            "children": {
                "TrainerController._reset_env": {
                    "total": 4.3712893,
                    "count": 1,
                    "self": 4.3712893
                },
                "TrainerController.advance": {
                    "total": 13656.44888090014,
                    "count": 2272610,
                    "self": 29.46232019987474,
                    "children": {
                        "env_step": {
                            "total": 12728.205566399442,
                            "count": 2272610,
                            "self": 11048.455254700117,
                            "children": {
                                "SubprocessEnvManager._take_step": {
                                    "total": 1661.7094998003645,
                                    "count": 2272610,
                                    "self": 72.69232730037265,
                                    "children": {
                                        "TorchPolicy.evaluate": {
                                            "total": 1589.0171724999918,
                                            "count": 2270341,
                                            "self": 343.45441510003616,
                                            "children": {
                                                "TorchPolicy.sample_actions": {
                                                    "total": 1245.5627573999557,
                                                    "count": 2270341,
                                                    "self": 1245.5627573999557
                                                }
                                            }
                                        }
                                    }
                                },
                                "workers": {
                                    "total": 18.040811898960992,
                                    "count": 2272609,
                                    "self": 0.0,
                                    "children": {
                                        "worker_root": {
                                            "total": 13649.357920500497,
                                            "count": 2272609,
                                            "is_parallel": true,