{
    "name": "root",
    "gauges": {
        "NeoBehavior.Policy.Entropy.mean": {
            "value": 1.3049659729003906,
            "min": 1.3000156879425049,
            "max": 1.7913908958435059,
            "count": 58
        },
        "NeoBehavior.Policy.Entropy.sum": {
            "value": 668.142578125,
            "min": 638.4816284179688,
            "max": 895.6954345703125,
            "count": 58
        },
        "NeoBehavior.Step.mean": {
            "value": 28971.0,
            "min": 464.0,
            "max": 28971.0,
            "count": 58
        },
        "NeoBehavior.Step.sum": {
            "value": 28971.0,
            "min": 464.0,
            "max": 28971.0,
            "count": 58
        },
        "NeoBehavior.Policy.ExtrinsicValueEstimate.mean": {
            "value": -0.6040043830871582,
            "min": -6.434342384338379,
            "max": 0.10144221782684326,
            "count": 58
        },
        "NeoBehavior.Policy.ExtrinsicValueEstimate.sum": {
            "value": -4.832035064697266,
            "min": -114.10653686523438,
            "max": 1.0144221782684326,
            "count": 58
        },
        "NeoBehavior.Environment.EpisodeLength.mean": {
            "value": 999.0,
            "min": 23.076923076923077,
            "max": 999.0,
            "count": 37
        },
        "NeoBehavior.Environment.EpisodeLength.sum": {
            "value": 999.0,
            "min": 300.0,
            "max": 999.0,
            "count": 37
        },
        "NeoBehavior.Environment.CumulativeReward.mean": {
            "value": -0.1999988555908203,
            "min": -53.09999895095825,
            "max": 10.80000114440918,
            "count": 37
        },
        "NeoBehavior.Environment.CumulativeReward.sum": {
            "value": -0.1999988555908203,
            "min": -81.5,
            "max": 10.80000114440918,
            "count": 37
        },
        "NeoBehavior.Policy.ExtrinsicReward.mean": {
            "value": -0.1999988555908203,
            "min": -53.09999895095825,
            "max": 10.80000114440918,
            "count": 37
        },
        "NeoBehavior.Policy.ExtrinsicReward.sum": {
            "value": -0.1999988555908203,
            "min": -81.5,
            "max": 10.80000114440918,
            "count": 37
        },
        "NeoBehavior.IsTraining.mean": {
            "value": 1.0,
            "min": 1.0,
            "max": 1.0,
            "count": 58
        },
        "NeoBehavior.IsTraining.sum": {
            "value": 1.0,
            "min": 1.0,
            "max": 1.0,
            "count": 58
        },
        "NeoBehavior.Losses.PolicyLoss.mean": {
            "value": 0.06729278181834768,
            "min": 0.06078568622857953,
            "max": 0.07804224011488259,
            "count": 14
        },
        "NeoBehavior.Losses.PolicyLoss.sum": {
            "value": 0.06729278181834768,
            "min": 0.06078568622857953,
            "max": 0.07804224011488259,
            "count": 14
        },
        "NeoBehavior.Losses.ValueLoss.mean": {
            "value": 1.6110814027488232,
            "min": 0.9813311621546745,
            "max": 4.6181070655584335,
            "count": 14
        },
        "NeoBehavior.Losses.ValueLoss.sum": {
            "value": 1.6110814027488232,
            "min": 0.9813311621546745,
            "max": 4.6181070655584335,
            "count": 14
        },
        "NeoBehavior.Policy.LearningRate.mean": {
            "value": 0.00029826174057941997,
            "min": 0.00029826174057941997,
            "max": 0.0002998761600412799,
            "count": 14
        },
        "NeoBehavior.Policy.LearningRate.sum": {
            "value": 0.00029826174057941997,
            "min": 0.00029826174057941997,
            "max": 0.0002998761600412799,
            "count": 14
        },
        "NeoBehavior.Policy.Epsilon.mean": {
            "value": 0.19942058,
            "min": 0.19942058,
            "max": 0.19995872,
            "count": 14
        },
        "NeoBehavior.Policy.Epsilon.sum": {
            "value": 0.19942058,
            "min": 0.19942058,
            "max": 0.19995872,
            "count": 14
        },
        "NeoBehavior.Policy.Beta.mean": {
            "value": 0.0005,
            "min": 0.0005,
            "max": 0.0005,
            "count": 14
        },
        "NeoBehavior.Policy.Beta.sum": {
            "value": 0.0005,
            "min": 0.0005,
            "max": 0.0005,
            "count": 14
        }
    },
    "metadata": {
        "timer_format_version": "0.1.0",
        "start_time_seconds": "1653307537",
        "python_version": "3.7.13 (default, Mar 28 2022, 08:03:21) [MSC v.1916 64 bit (AMD64)]",
        "command_line_arguments": "D:\\anaconda\\envs\\python3.7\\Scripts\\mlagents-learn config/ppo/config.yaml --run-id=testJump --force",
        "mlagents_version": "0.28.0",
        "mlagents_envs_version": "0.28.0",
        "communication_protocol_version": "1.5.0",
        "pytorch_version": "1.7.1+cu110",
        "numpy_version": "1.21.6",
        "end_time_seconds": "1653307921"
    },
    "total": 383.9549736,
    "count": 1,
    "self": 0.006739000000038686,
    "children": {
        "run_training.setup": {
            "total": 0.11469629999999986,
            "count": 1,
            "self": 0.11469629999999986
        },
        "TrainerController.start_learning": {
            "total": 383.8335383,
            "count": 1,
            "self": 0.6910710999992489,
            "children": {
                "TrainerController._reset_env": {
                    "total": 9.388652800000001,
                    "count": 1,
                    "self": 9.388652800000001
                },
                "TrainerController.advance": {
                    "total": 373.57278120000075,
                    "count": 29151,
                    "self": 0.7069237000038129,
                    "children": {
                        "env_step": {
                            "total": 353.0894416999968,
                            "count": 29151,
                            "self": 233.24005040000355,
                            "children": {
                                "SubprocessEnvManager._take_step": {
                                    "total": 119.41480329999712,
                                    "count": 29151,
                                    "self": 1.802349900002369,
                                    "children": {
                                        "TorchPolicy.evaluate": {
                                            "total": 117.61245339999475,
                                            "count": 29121,
                                            "self": 24.825917999993237,
                                            "children": {
                                                "TorchPolicy.sample_actions": {
                                                    "total": 92.78653540000151,
                                                    "count": 29121,
                                                    "self": 92.78653540000151
                                                }
                                            }
                                        }
                                    }
                                },
                                "workers": {
                                    "total": 0.43458799999613973,
                                    "count": 29150,
                                    "self": 0.0,
                                    "children": {
                                        "worker_root": {
                                            "total": 360.6307752999963,
                                            "count": 29150,
                                            "is_parallel": true,
                                            "self": 173.22935629999782,