{
    "name": "root",
    "gauges": {
        "NeoBehavior.Policy.Entropy.mean": {
            "value": 1.2874618768692017,
            "min": 1.254542589187622,
            "max": 1.3516777753829956,
            "count": 9
        },
        "NeoBehavior.Policy.Entropy.sum": {
            "value": 657.8930053710938,
            "min": 321.16290283203125,
            "max": 716.10107421875,
            "count": 9
        },
        "NeoBehavior.Step.mean": {
            "value": 34499.0,
            "min": 30454.0,
            "max": 34499.0,
            "count": 9
        },
        "NeoBehavior.Step.sum": {
            "value": 34499.0,
            "min": 30454.0,
            "max": 34499.0,
            "count": 9
        },
        "NeoBehavior.Policy.ExtrinsicValueEstimate.mean": {
            "value": 15.494260787963867,
            "min": 9.670255661010742,
            "max": 16.837791442871094,
            "count": 9
        },
        "NeoBehavior.Policy.ExtrinsicValueEstimate.sum": {
            "value": 123.95408630371094,
            "min": 34.131858825683594,
            "max": 136.05442810058594,
            "count": 9
        },
        "NeoBehavior.IsTraining.mean": {
            "value": 1.0,
            "min": 1.0,
            "max": 1.0,
            "count": 9
        },
        "NeoBehavior.IsTraining.sum": {
            "value": 1.0,
            "min": 1.0,
            "max": 1.0,
            "count": 9
        },
        "NeoBehavior.Environment.EpisodeLength.mean": {
            "value": 638.0,
            "min": 296.0,
            "max": 669.5,
            "count": 6
        },
        "NeoBehavior.Environment.EpisodeLength.sum": {
            "value": 638.0,
            "min": 296.0,
            "max": 1339.0,
            "count": 6
        },
        "NeoBehavior.Environment.CumulativeReward.mean": {
            "value": 151.8999988436699,
            "min": 134.29999926686287,
            "max": 162.39999705553055,
            "count": 7
        },
        "NeoBehavior.Environment.CumulativeReward.sum": {
            "value": 151.8999988436699,
            "min": 134.29999926686287,
            "max": 162.39999705553055,
            "count": 7
        },
        "NeoBehavior.Policy.ExtrinsicReward.mean": {
            "value": 151.8999988436699,
            "min": 134.29999926686287,
            "max": 162.39999705553055,
            "count": 7
        },
        "NeoBehavior.Policy.ExtrinsicReward.sum": {
            "value": 151.8999988436699,
            "min": 134.29999926686287,
            "max": 162.39999705553055,
            "count": 7
        },
        "NeoBehavior.Losses.PolicyLoss.mean": {
            "value": 0.06548767210915685,
            "min": 0.06548767210915685,
            "max": 0.07973769881452124,
            "count": 2
        },
        "NeoBehavior.Losses.PolicyLoss.sum": {
            "value": 0.06548767210915685,
            "min": 0.06548767210915685,
            "max": 0.07973769881452124,
            "count": 2
        },
        "NeoBehavior.Losses.ValueLoss.mean": {
            "value": 78.2806061108907,
            "min": 78.2806061108907,
            "max": 94.06356906890869,
            "count": 2
        },
        "NeoBehavior.Losses.ValueLoss.sum": {
            "value": 78.2806061108907,
            "min": 78.2806061108907,
            "max": 94.06356906890869,
            "count": 2
        },
        "NeoBehavior.Policy.LearningRate.mean": {
            "value": 0.0002979339006887,
            "min": 0.0002979339006887,
            "max": 0.00029805786064738,
            "count": 2
        },
        "NeoBehavior.Policy.LearningRate.sum": {
            "value": 0.0002979339006887,
            "min": 0.0002979339006887,
            "max": 0.00029805786064738,
            "count": 2
        },
        "NeoBehavior.Policy.Epsilon.mean": {
            "value": 0.1993113,
            "min": 0.1993113,
            "max": 0.19935262,
            "count": 2
        },
        "NeoBehavior.Policy.Epsilon.sum": {
            "value": 0.1993113,
            "min": 0.1993113,
            "max": 0.19935262,
            "count": 2
        },
        "NeoBehavior.Policy.Beta.mean": {
            "value": 0.0005,
            "min": 0.0005,
            "max": 0.0005,
            "count": 2
        },
        "NeoBehavior.Policy.Beta.sum": {
            "value": 0.0005,
            "min": 0.0005,
            "max": 0.0005,
            "count": 2
        }
    },
    "metadata": {
        "timer_format_version": "0.1.0",
        "start_time_seconds": "1653490971",
        "python_version": "3.7.13 (default, Mar 28 2022, 08:03:21) [MSC v.1916 64 bit (AMD64)]",
        "command_line_arguments": "D:\\anaconda\\envs\\python3.7\\Scripts\\mlagents-learn config/ppo/config.yaml --run-id=testJump --resume",
        "mlagents_version": "0.28.0",
        "mlagents_envs_version": "0.28.0",
        "communication_protocol_version": "1.5.0",
        "pytorch_version": "1.7.1+cu110",
        "numpy_version": "1.21.6",
        "end_time_seconds": "1653491186"
    },
    "total": 214.9380094,
    "count": 1,
    "self": 0.010732599999982995,
    "children": {
        "run_training.setup": {
            "total": 0.1464650999999999,
            "count": 1,
            "self": 0.1464650999999999
        },
        "TrainerController.start_learning": {
            "total": 214.78081170000002,
            "count": 1,
            "self": 0.12622370000053706,
            "children": {
                "TrainerController._reset_env": {
                    "total": 13.1671684,
                    "count": 1,
                    "self": 13.1671684
                },
                "TrainerController.advance": {
                    "total": 201.24911069999945,
                    "count": 4616,
                    "self": 0.13230549999985897,
                    "children": {
                        "env_step": {
                            "total": 197.6965329999993,
                            "count": 4616,
                            "self": 173.97330799999858,
                            "children": {
                                "SubprocessEnvManager._take_step": {
                                    "total": 23.640139700000148,
                                    "count": 4616,
                                    "self": 0.36506809999984213,
                                    "children": {
                                        "TorchPolicy.evaluate": {
                                            "total": 23.275071600000306,
                                            "count": 4609,
                                            "self": 4.7511733000005485,
                                            "children": {
                                                "TorchPolicy.sample_actions": {
                                                    "total": 18.523898299999757,
                                                    "count": 4609,
                                                    "self": 18.523898299999757
                                                }
                                            }
                                        }
                                    }
                                },
                                "workers": {
                                    "total": 0.08308530000057956,
                                    "count": 4615,
                                    "self": 0.0,
                                    "children": {
                                        "worker_root": {
                                            "total": 196.57784750000002,
                                            "count": 4615,
                                            "is_parallel": true,
                                            "self": 36.83097389999915,