{
    "name": "root",
    "gauges": {
        "SunTraining.Policy.Entropy.mean": {
            "value": 1.1708364486694336,
            "min": 1.1660319566726685,
            "max": 2.4845542907714844,
            "count": 60
        },
        "SunTraining.Policy.Entropy.sum": {
            "value": 588.9307250976562,
            "min": 532.8765869140625,
            "max": 1314.00732421875,
            "count": 60
        },
        "SunTraining.Step.mean": {
            "value": 29946.0,
            "min": 448.0,
            "max": 29946.0,
            "count": 60
        },
        "SunTraining.Step.sum": {
            "value": 29946.0,
            "min": 448.0,
            "max": 29946.0,
            "count": 60
        },
        "SunTraining.Policy.ExtrinsicValueEstimate.mean": {
            "value": -4.106276988983154,
            "min": -11.390862464904785,
            "max": 0.1836995780467987,
            "count": 60
        },
        "SunTraining.Policy.ExtrinsicValueEstimate.sum": {
            "value": -49.27532196044922,
            "min": -109.74613189697266,
            "max": 1.2858970165252686,
            "count": 60
        },
        "SunTraining.IsTraining.mean": {
            "value": 1.0,
            "min": 1.0,
            "max": 1.0,
            "count": 60
        },
        "SunTraining.IsTraining.sum": {
            "value": 1.0,
            "min": 1.0,
            "max": 1.0,
            "count": 60
        },
        "SunTraining.Environment.EpisodeLength.mean": {
            "value": 72.16666666666667,
            "min": 71.28571428571429,
            "max": 1999.0,
            "count": 53
        },
        "SunTraining.Environment.EpisodeLength.sum": {
            "value": 433.0,
            "min": 319.0,
            "max": 1999.0,
            "count": 53
        },
        "SunTraining.Environment.CumulativeReward.mean": {
            "value": -5.7714284999029974,
            "min": -551.9000053405762,
            "max": -5.7714284999029974,
            "count": 53
        },
        "SunTraining.Environment.CumulativeReward.sum": {
            "value": -40.399999499320984,
            "min": -551.9000053405762,
            "max": -30.799999997019768,
            "count": 53
        },
        "SunTraining.Policy.ExtrinsicReward.mean": {
            "value": -5.7714284999029974,
            "min": -551.9000053405762,
            "max": -5.7714284999029974,
            "count": 53
        },
        "SunTraining.Policy.ExtrinsicReward.sum": {
            "value": -40.399999499320984,
            "min": -551.9000053405762,
            "max": -30.799999997019768,
            "count": 53
        },
        "SunTraining.Losses.PolicyLoss.mean": {
            "value": 0.07622908927684573,
            "min": 0.05574537441134453,
            "max": 0.09258476670462794,
            "count": 14
        },
        "SunTraining.Losses.PolicyLoss.sum": {
            "value": 0.07622908927684573,
            "min": 0.05574537441134453,
            "max": 0.09258476670462794,
            "count": 14
        },
        "SunTraining.Losses.ValueLoss.mean": {
            "value": 0.2834931903829177,
            "min": 0.272079983415703,
            "max": 13.87686538696289,
            "count": 14
        },
        "SunTraining.Losses.ValueLoss.sum": {
            "value": 0.2834931903829177,
            "min": 0.272079983415703,
            "max": 13.87686538696289,
            "count": 14
        },
        "SunTraining.Policy.LearningRate.mean": {
            "value": 0.000299826108057964,
            "min": 0.000299826108057964,
            "max": 0.00029998761600412796,
            "count": 14
        },
        "SunTraining.Policy.LearningRate.sum": {
            "value": 0.000299826108057964,
            "min": 0.000299826108057964,
            "max": 0.00029998761600412796,
            "count": 14
        },
        "SunTraining.Policy.Epsilon.mean": {
            "value": 0.19994203600000002,
            "min": 0.19994203600000002,
            "max": 0.19999587200000002,
            "count": 14
        },
        "SunTraining.Policy.Epsilon.sum": {
            "value": 0.19994203600000002,
            "min": 0.19994203600000002,
            "max": 0.19999587200000002,
            "count": 14
        },
        "SunTraining.Policy.Beta.mean": {
            "value": 0.0005,
            "min": 0.0005,
            "max": 0.0005,
            "count": 14
        },
        "SunTraining.Policy.Beta.sum": {
            "value": 0.0005,
            "min": 0.0005,
            "max": 0.0005,
            "count": 14
        }
    },
    "metadata": {
        "timer_format_version": "0.1.0",
        "start_time_seconds": "1654504791",
        "python_version": "3.7.13 (default, Mar 28 2022, 08:03:21) [MSC v.1916 64 bit (AMD64)]",
        "command_line_arguments": "D:\\Program Files (x86)\\anaconda3\\envs\\game_ai\\Scripts\\mlagents-learn config/ppo/config.yaml --run-id=testJump --force",
        "mlagents_version": "0.28.0",
        "mlagents_envs_version": "0.28.0",
        "communication_protocol_version": "1.5.0",
        "pytorch_version": "1.11.0+cpu",
        "numpy_version": "1.21.6",
        "end_time_seconds": "1654504973"
    },
    "total": 181.6850892,
    "count": 1,
    "self": 10.004260499999987,
    "children": {
        "run_training.setup": {
            "total": 0.05533279999999996,
            "count": 1,
            "self": 0.05533279999999996
        },
        "TrainerController.start_learning": {
            "total": 171.6254959,
            "count": 1,
            "self": 0.39620280000119124,
            "children": {
                "TrainerController._reset_env": {
                    "total": 5.2166721,
                    "count": 1,
                    "self": 5.2166721
                },
                "TrainerController.advance": {
                    "total": 165.84373709999878,
                    "count": 30731,
                    "self": 0.398481699996438,
                    "children": {
                        "env_step": {
                            "total": 152.63430580000207,
                            "count": 30731,
                            "self": 123.55526700000303,
                            "children": {
                                "SubprocessEnvManager._take_step": {
                                    "total": 28.833176800000565,
                                    "count": 30732,
                                    "self": 1.0084332999985897,
                                    "children": {
                                        "TorchPolicy.evaluate": {
                                            "total": 27.824743500001976,
                                            "count": 30538,
                                            "self": 4.980565900001611,
                                            "children": {
                                                "TorchPolicy.sample_actions": {
                                                    "total": 22.844177600000364,
                                                    "count": 30538,
                                                    "self": 22.844177600000364
                                                }
                                            }
                                        }
                                    }
                                },
                                "workers": {
                                    "total": 0.24586199999847835,
                                    "count": 30730,
                                    "self": 0.0,
                                    "children": {
                                        "worker_root": {
                                            "total": 161.93640839999838,
                                            "count": 30730,
                                            "is_parallel": true,