{
    "name": "root",
    "gauges": {
        "NeoBehavior.Policy.Entropy.mean": {
            "value": 0.9521782994270325,
            "min": 0.7328808903694153,
            "max": 1.4759989976882935,
            "count": 69
        },
        "NeoBehavior.Policy.Entropy.sum": {
            "value": 525.6024169921875,
            "min": 265.22601318359375,
            "max": 735.9024658203125,
            "count": 69
        },
        "NeoBehavior.Step.mean": {
            "value": 68989.0,
            "min": 34975.0,
            "max": 68989.0,
            "count": 69
        },
        "NeoBehavior.Step.sum": {
            "value": 68989.0,
            "min": 34975.0,
            "max": 68989.0,
            "count": 69
        },
        "NeoBehavior.Policy.ExtrinsicValueEstimate.mean": {
            "value": 945.2606201171875,
            "min": 0.6129857897758484,
            "max": 1481.7523193359375,
            "count": 69
        },
        "NeoBehavior.Policy.ExtrinsicValueEstimate.sum": {
            "value": 8507.345703125,
            "min": 4.290900707244873,
            "max": 10372.2666015625,
            "count": 69
        },
        "NeoBehavior.IsTraining.mean": {
            "value": 1.0,
            "min": 1.0,
            "max": 1.0,
            "count": 69
        },
        "NeoBehavior.IsTraining.sum": {
            "value": 1.0,
            "min": 1.0,
            "max": 1.0,
            "count": 69
        },
        "NeoBehavior.Environment.EpisodeLength.mean": {
            "value": 999.0,
            "min": 921.0,
            "max": 999.0,
            "count": 34
        },
        "NeoBehavior.Environment.EpisodeLength.sum": {
            "value": 999.0,
            "min": 921.0,
            "max": 999.0,
            "count": 34
        },
        "NeoBehavior.Environment.CumulativeReward.mean": {
            "value": 33927.699816942215,
            "min": 15.599999964237213,
            "max": 33927.699816942215,
            "count": 34
        },
        "NeoBehavior.Environment.CumulativeReward.sum": {
            "value": 33927.699816942215,
            "min": 15.599999964237213,
            "max": 33927.699816942215,
            "count": 34
        },
        "NeoBehavior.Policy.ExtrinsicReward.mean": {
            "value": 33927.699816942215,
            "min": 15.599999964237213,
            "max": 33927.699816942215,
            "count": 34
        },
        "NeoBehavior.Policy.ExtrinsicReward.sum": {
            "value": 33927.699816942215,
            "min": 15.599999964237213,
            "max": 33927.699816942215,
            "count": 34
        },
        "NeoBehavior.Losses.PolicyLoss.mean": {
            "value": 0.05555374827235937,
            "min": 0.05555374827235937,
            "max": 0.09139206260442734,
            "count": 16
        },
        "NeoBehavior.Losses.PolicyLoss.sum": {
            "value": 0.05555374827235937,
            "min": 0.05555374827235937,
            "max": 0.09139206260442734,
            "count": 16
        },
        "NeoBehavior.Losses.ValueLoss.mean": {
            "value": 102834.59765625,
            "min": 28.144958953062694,
            "max": 102834.59765625,
            "count": 16
        },
        "NeoBehavior.Losses.ValueLoss.sum": {
            "value": 102834.59765625,
            "min": 28.144958953062694,
            "max": 102834.59765625,
            "count": 16
        },
        "NeoBehavior.Policy.LearningRate.mean": {
            "value": 0.000299592066135978,
            "min": 0.000299592066135978,
            "max": 0.000299778402073866,
            "count": 16
        },
        "NeoBehavior.Policy.LearningRate.sum": {
            "value": 0.000299592066135978,
            "min": 0.000299592066135978,
            "max": 0.000299778402073866,
            "count": 16
        },
        "NeoBehavior.Policy.Epsilon.mean": {
            "value": 0.199864022,
            "min": 0.199864022,
            "max": 0.199926134,
            "count": 16
        },
        "NeoBehavior.Policy.Epsilon.sum": {
            "value": 0.199864022,
            "min": 0.199864022,
            "max": 0.199926134,
            "count": 16
        },
        "NeoBehavior.Policy.Beta.mean": {
            "value": 0.0005,
            "min": 0.0005,
            "max": 0.0005,
            "count": 16
        },
        "NeoBehavior.Policy.Beta.sum": {
            "value": 0.0005,
            "min": 0.0005,
            "max": 0.0005,
            "count": 16
        }
    },
    "metadata": {
        "timer_format_version": "0.1.0",
        "start_time_seconds": "1653578807",
        "python_version": "3.7.13 (default, Mar 28 2022, 08:03:21) [MSC v.1916 64 bit (AMD64)]",
        "command_line_arguments": "D:\\anaconda\\envs\\python3.7\\Scripts\\mlagents-learn config/ppo/config.yaml --run-id=testJump --resume",
        "mlagents_version": "0.28.0",
        "mlagents_envs_version": "0.28.0",
        "communication_protocol_version": "1.5.0",
        "pytorch_version": "1.7.1+cu110",
        "numpy_version": "1.21.6",
        "end_time_seconds": "1653579295"
    },
    "total": 487.2792719,
    "count": 1,
    "self": 0.00826399999999694,
    "children": {
        "run_training.setup": {
            "total": 0.17828019999999967,
            "count": 1,
            "self": 0.17828019999999967
        },
        "TrainerController.start_learning": {
            "total": 487.0927277,
            "count": 1,
            "self": 0.8003862000007871,
            "children": {
                "TrainerController._reset_env": {
                    "total": 9.9537042,
                    "count": 1,
                    "self": 9.9537042
                },
                "TrainerController.advance": {
                    "total": 476.1299307999992,
                    "count": 34261,
                    "self": 0.8130599999941523,
                    "children": {
                        "env_step": {
                            "total": 452.52054580000356,
                            "count": 34261,
                            "self": 306.877325700001,
                            "children": {
                                "SubprocessEnvManager._take_step": {
                                    "total": 145.13862790000087,
                                    "count": 34261,
                                    "self": 2.0439041999998153,
                                    "children": {
                                        "TorchPolicy.evaluate": {
                                            "total": 143.09472370000105,
                                            "count": 34227,
                                            "self": 29.933942700000046,
                                            "children": {
                                                "TorchPolicy.sample_actions": {
                                                    "total": 113.16078100000101,
                                                    "count": 34227,
                                                    "self": 113.16078100000101
                                                }
                                            }
                                        }
                                    }
                                },
                                "workers": {
                                    "total": 0.5045922000016816,
                                    "count": 34260,
                                    "self": 0.0,
                                    "children": {
                                        "worker_root": {
                                            "total": 416.70862489999934,
                                            "count": 34260,
                                            "is_parallel": true,
                                            "self": 207.4872360999952,